{"stats":{"minecraft:crafted":{"minecraft:oak_planks":20},"minecraft:mined":{"minecraft:grass":5,"minecraft:oak_log":6,"minecraft:oak_leaves":49},"minecraft:custom":{"minecraft:time_since_rest":1285,"minecraft:walk_one_cm":28803,"minecraft:play_time":13086,"minecraft:sprint_one_cm":37218,"minecraft:damage_taken":520,"minecraft:deaths":2,"minecraft:sneak_time":18,"minecraft:walk_under_water_one_cm":1252,"minecraft:jump":105,"minecraft:leave_game":3,"minecraft:walk_on_water_one_cm":195,"minecraft:time_since_death":1053,"minecraft:total_world_time":13086,"minecraft:swim_one_cm":13562,"minecraft:fall_one_cm":3118,"minecraft:fly_one_cm":37876},"minecraft:killed_by":{"minecraft:creeper":1,"minecraft:zombie":1},"minecraft:picked_up":{"minecraft:stick":1,"minecraft:wheat_seeds":1,"minecraft:dandelion":1,"minecraft:oak_log":5,"minecraft:poppy":1,"minecraft:oak_sapling":1,"minecraft:cornflower":1}},"DataVersion":3465}