{"stats":{"minecraft:mined":{"minecraft:grass":2,"minecraft:tall_grass":1},"minecraft:killed_by":{"minecraft:pig":1},"minecraft:custom":{"minecraft:jump":35,"minecraft:time_since_rest":5142,"minecraft:damage_dealt":20,"minecraft:deaths":1,"minecraft:leave_game":2,"minecraft:play_time":12385,"minecraft:sprint_one_cm":7174,"minecraft:damage_taken":250,"minecraft:time_since_death":1716,"minecraft:walk_one_cm":7979,"minecraft:total_world_time":12385,"minecraft:fall_one_cm":1453,"minecraft:fly_one_cm":12554}},"DataVersion":3120}