{"stats":{"minecraft:mined":{"regions_unexplored:larch_log":4,"regions_unexplored:larch_leaves":10},"minecraft:picked_up":{"regions_unexplored:larch_sapling":1,"regions_unexplored:larch_log":4},"minecraft:killed_by":{"minecraft:pillager":1},"minecraft:custom":{"minecraft:jump":50,"minecraft:time_since_rest":145,"minecraft:leave_game":1,"minecraft:deaths":1,"minecraft:damage_taken":220,"minecraft:sprint_one_cm":42786,"minecraft:play_time":2874,"minecraft:time_since_death":110,"minecraft:walk_one_cm":21031,"minecraft:total_world_time":2874,"minecraft:fall_one_cm":1169,"minecraft:fly_one_cm":20491}},"DataVersion":3465}